"Test","Parameter","Verdict","Time","Duration","Log","Band","Type","Version"
"11.1.1","none","INCONCLUSIVE","4/3/2017 5:21:41 PM","00:03:21","11_1_1\GSM900 none 03-04-17 172141\","GSM900","GERAN","2.00.2"
"11.1.1","none","FAIL","4/3/2017 5:28:48 PM","00:02:40","11_1_1\GSM900 none 03-04-17 172848\","GSM900","GERAN","2.00.2"
"11.1.2","none","INCONCLUSIVE","4/3/2017 5:31:29 PM","00:01:56","11_1_2\GSM900 none 03-04-17 173129\","GSM900","GERAN","2.00.2"
"11.2","none","PASS","4/3/2017 5:33:25 PM","00:00:53","11_2\GSM900 none 03-04-17 173325\","GSM900","GERAN","2.00.2"
"12.2.1","none","ERROR","4/3/2017 5:34:18 PM","00:06:44","12_2_1\GSM900 none 03-04-17 173418\","GSM900","GERAN","2.00.2"
"12.2.2","none","INCONCLUSIVE","4/3/2017 5:41:02 PM","00:02:52","12_2_2\GSM900 none 03-04-17 174102\","GSM900","GERAN","2.00.2"
"19.1","none","FAIL","4/3/2017 5:43:58 PM","00:02:28","19_1\GSM900 none 03-04-17 174358\","GSM900","GERAN","2.00.2"
"19.2","none","PASS","4/3/2017 5:46:26 PM","00:04:57","19_2\GSM900 none 03-04-17 174626\","GSM900","GERAN","2.00.2"
"19.3","none","ERROR","4/3/2017 5:51:23 PM","00:09:04","19_3\GSM900 none 03-04-17 175123\","GSM900","GERAN","2.00.2"
"20.14","none","INVALID","4/3/2017 8:44:30 PM","00:02:30","20_14\GSM900 none 03-04-17 204430\","GSM900","GERAN","2.01.1"
"25.2.1.1.1","FACCH/F","PASS","4/3/2017 8:47:11 PM","00:00:54","25_2_1_1_1\GSM900 FACCH_F 03-04-17 204711\","GSM900","GERAN","2.01.1"
"25.2.1.1.1","FACCH/H","PASS","4/3/2017 8:48:05 PM","00:00:55","25_2_1_1_1\GSM900 FACCH_H 03-04-17 204805\","GSM900","GERAN","2.01.1"
"25.2.1.1.1","SDCCH","PASS","4/3/2017 8:49:00 PM","00:00:57","25_2_1_1_1\GSM900 SDCCH 03-04-17 204900\","GSM900","GERAN","2.01.1"
"25.2.1.1.2.1","FACCH/F","PASS","4/3/2017 8:49:57 PM","00:00:54","25_2_1_1_2_1\GSM900 FACCH_F 03-04-17 204957\","GSM900","GERAN","2.01.1"
"25.2.1.1.2.1","FACCH/H","PASS","4/3/2017 8:50:51 PM","00:00:55","25_2_1_1_2_1\GSM900 FACCH_H 03-04-17 205051\","GSM900","GERAN","2.01.1"
"25.2.1.1.2.1","SDCCH","PASS","4/3/2017 8:51:46 PM","00:00:56","25_2_1_1_2_1\GSM900 SDCCH 03-04-17 205146\","GSM900","GERAN","2.01.1"
"25.2.1.1.2.2","FACCH/F","PASS","4/3/2017 8:52:42 PM","00:01:07","25_2_1_1_2_2\GSM900 FACCH_F 03-04-17 205242\","GSM900","GERAN","2.01.1"
"25.2.1.1.2.2","FACCH/H","INCONCLUSIVE","4/3/2017 8:53:49 PM","00:00:59","25_2_1_1_2_2\GSM900 FACCH_H 03-04-17 205349\","GSM900","GERAN","2.01.1"
"25.2.1.1.2.2","SDCCH","PASS","4/3/2017 8:54:48 PM","00:01:07","25_2_1_1_2_2\GSM900 SDCCH 03-04-17 205448\","GSM900","GERAN","2.01.1"
"25.2.1.1.2.3","FACCH/F","PASS","4/3/2017 8:55:55 PM","00:00:56","25_2_1_1_2_3\GSM900 FACCH_F 03-04-17 205555\","GSM900","GERAN","2.01.1"
"25.2.1.1.2.3","FACCH/H","PASS","4/3/2017 8:56:51 PM","00:00:57","25_2_1_1_2_3\GSM900 FACCH_H 03-04-17 205651\","GSM900","GERAN","2.01.1"
"25.2.1.1.2.3","SDCCH","PASS","4/3/2017 8:57:48 PM","00:00:57","25_2_1_1_2_3\GSM900 SDCCH 03-04-17 205748\","GSM900","GERAN","2.01.1"
"25.2.1.1.3","FACCH/F","PASS","4/3/2017 8:58:45 PM","00:00:55","25_2_1_1_3\GSM900 FACCH_F 03-04-17 205845\","GSM900","GERAN","2.01.1"
"25.2.1.1.3","FACCH/H","PASS","4/3/2017 8:59:40 PM","00:00:56","25_2_1_1_3\GSM900 FACCH_H 03-04-17 205940\","GSM900","GERAN","2.01.1"
"25.2.1.1.3","SDCCH","PASS","4/3/2017 9:00:36 PM","00:00:54","25_2_1_1_3\GSM900 SDCCH 03-04-17 210036\","GSM900","GERAN","2.01.1"
"25.2.1.1.4","FACCH/F","PASS","4/3/2017 9:01:30 PM","00:01:26","25_2_1_1_4\GSM900 FACCH_F 03-04-17 210130\","GSM900","GERAN","2.01.1"
"25.2.1.1.4","FACCH/H","PASS","4/3/2017 9:02:56 PM","00:01:30","25_2_1_1_4\GSM900 FACCH_H 03-04-17 210256\","GSM900","GERAN","2.01.1"
"25.2.1.1.4","SDCCH","PASS","4/3/2017 9:04:26 PM","00:01:30","25_2_1_1_4\GSM900 SDCCH 03-04-17 210426\","GSM900","GERAN","2.01.1"
"25.2.1.2.1","FACCH/F","PASS","4/3/2017 9:05:56 PM","00:01:04","25_2_1_2_1\GSM900 FACCH_F 03-04-17 210556\","GSM900","GERAN","2.01.1"
"25.2.1.2.1","FACCH/H","PASS","4/3/2017 9:07:00 PM","00:01:05","25_2_1_2_1\GSM900 FACCH_H 03-04-17 210700\","GSM900","GERAN","2.01.1"
"25.2.1.2.2","FACCH/F","PASS","4/3/2017 9:08:05 PM","00:01:00","25_2_1_2_2\GSM900 FACCH_F 03-04-17 210805\","GSM900","GERAN","2.01.1"
"25.2.1.2.2","FACCH/H","PASS","4/3/2017 9:09:05 PM","00:01:03","25_2_1_2_2\GSM900 FACCH_H 03-04-17 210905\","GSM900","GERAN","2.01.1"
"25.2.1.2.3","FACCH/F","PASS","4/3/2017 9:10:08 PM","00:00:56","25_2_1_2_3\GSM900 FACCH_F 03-04-17 211008\","GSM900","GERAN","2.01.1"
"25.2.1.2.3","FACCH/H","PASS","4/3/2017 9:11:04 PM","00:00:56","25_2_1_2_3\GSM900 FACCH_H 03-04-17 211104\","GSM900","GERAN","2.01.1"
"25.2.1.2.3","SDCCH","PASS","4/3/2017 9:12:00 PM","00:00:54","25_2_1_2_3\GSM900 SDCCH 03-04-17 211200\","GSM900","GERAN","2.01.1"
"25.2.1.2.4","FACCH/F","PASS","4/3/2017 9:12:54 PM","00:00:54","25_2_1_2_4\GSM900 FACCH_F 03-04-17 211254\","GSM900","GERAN","2.01.1"
"25.2.1.2.4","FACCH/H","PASS","4/3/2017 9:13:48 PM","00:00:56","25_2_1_2_4\GSM900 FACCH_H 03-04-17 211348\","GSM900","GERAN","2.01.1"
"25.2.1.2.4","SDCCH","PASS","4/3/2017 9:14:44 PM","00:00:54","25_2_1_2_4\GSM900 SDCCH 03-04-17 211444\","GSM900","GERAN","2.01.1"
"25.2.2.1","FACCH/F","PASS","4/3/2017 9:15:38 PM","00:00:54","25_2_2_1\GSM900 FACCH_F 03-04-17 211538\","GSM900","GERAN","2.01.1"
"25.2.2.1","FACCH/H","PASS","4/3/2017 9:16:32 PM","00:00:57","25_2_2_1\GSM900 FACCH_H 03-04-17 211632\","GSM900","GERAN","2.01.1"
"25.2.2.1","SDCCH","PASS","4/3/2017 9:17:29 PM","00:00:54","25_2_2_1\GSM900 SDCCH 03-04-17 211729\","GSM900","GERAN","2.01.1"
"25.2.2.2","FACCH/F","PASS","4/3/2017 9:18:23 PM","00:01:00","25_2_2_2\GSM900 FACCH_F 03-04-17 211823\","GSM900","GERAN","2.01.1"
"25.2.2.2","FACCH/H","PASS","4/3/2017 9:19:23 PM","00:00:55","25_2_2_2\GSM900 FACCH_H 03-04-17 211923\","GSM900","GERAN","2.01.1"
"25.2.2.2","SDCCH","PASS","4/3/2017 9:20:18 PM","00:00:55","25_2_2_2\GSM900 SDCCH 03-04-17 212018\","GSM900","GERAN","2.01.1"
"25.2.3","FACCH/F","PASS","4/3/2017 9:21:17 PM","00:01:11","25_2_3\GSM900 FACCH_F 03-04-17 212117\","GSM900","GERAN","2.01.1"
"25.2.3","FACCH/H","PASS","4/3/2017 9:22:28 PM","00:01:14","25_2_3\GSM900 FACCH_H 03-04-17 212228\","GSM900","GERAN","2.01.1"
"25.2.3","SDCCH","PASS","4/3/2017 9:23:42 PM","00:01:12","25_2_3\GSM900 SDCCH 03-04-17 212342\","GSM900","GERAN","2.01.1"
"25.2.4.3","FACCH/F","PASS","4/3/2017 9:24:54 PM","00:00:57","25_2_4_3\GSM900 FACCH_F 03-04-17 212454\","GSM900","GERAN","2.01.1"
"25.2.4.3","FACCH/H","PASS","4/3/2017 9:25:51 PM","00:00:54","25_2_4_3\GSM900 FACCH_H 03-04-17 212551\","GSM900","GERAN","2.01.1"
"25.2.4.3","SDCCH","PASS","4/3/2017 9:26:45 PM","00:00:59","25_2_4_3\GSM900 SDCCH 03-04-17 212645\","GSM900","GERAN","2.01.1"
"25.2.5.1","FACCH/F","PASS","4/3/2017 9:27:44 PM","00:00:57","25_2_5_1\GSM900 FACCH_F 03-04-17 212744\","GSM900","GERAN","2.01.1"
"25.2.5.1","FACCH/H","PASS","4/3/2017 9:28:41 PM","00:00:56","25_2_5_1\GSM900 FACCH_H 03-04-17 212841\","GSM900","GERAN","2.01.1"
"25.2.5.1","SDCCH","PASS","4/3/2017 9:29:37 PM","00:00:54","25_2_5_1\GSM900 SDCCH 03-04-17 212937\","GSM900","GERAN","2.01.1"
"25.2.5.2","FACCH/F","PASS","4/3/2017 9:30:31 PM","00:00:54","25_2_5_2\GSM900 FACCH_F 03-04-17 213031\","GSM900","GERAN","2.01.1"
"25.2.5.2","FACCH/H","PASS","4/3/2017 9:31:25 PM","00:00:54","25_2_5_2\GSM900 FACCH_H 03-04-17 213125\","GSM900","GERAN","2.01.1"
"25.2.5.2","SDCCH","PASS","4/3/2017 9:32:19 PM","00:00:53","25_2_5_2\GSM900 SDCCH 03-04-17 213219\","GSM900","GERAN","2.01.1"
"25.2.6.1","FACCH/F","PASS","4/3/2017 9:33:12 PM","00:00:54","25_2_6_1\GSM900 FACCH_F 03-04-17 213312\","GSM900","GERAN","2.01.1"
"25.2.6.1","FACCH/H","PASS","4/3/2017 9:34:06 PM","00:00:55","25_2_6_1\GSM900 FACCH_H 03-04-17 213406\","GSM900","GERAN","2.01.1"
"25.2.6.1","SDCCH","PASS","4/3/2017 9:35:01 PM","00:00:57","25_2_6_1\GSM900 SDCCH 03-04-17 213501\","GSM900","GERAN","2.01.1"
"25.2.6.2","FACCH/F","PASS","4/3/2017 9:35:58 PM","00:01:00","25_2_6_2\GSM900 FACCH_F 03-04-17 213558\","GSM900","GERAN","2.01.1"
"25.2.6.2","FACCH/H","PASS","4/3/2017 9:36:58 PM","00:00:57","25_2_6_2\GSM900 FACCH_H 03-04-17 213658\","GSM900","GERAN","2.01.1"
"25.2.6.2","SDCCH","PASS","4/3/2017 9:37:56 PM","00:00:56","25_2_6_2\GSM900 SDCCH 03-04-17 213756\","GSM900","GERAN","2.01.1"
"25.2.7","FACCH/F","PASS","4/3/2017 9:38:52 PM","00:00:55","25_2_7\GSM900 FACCH_F 03-04-17 213852\","GSM900","GERAN","2.01.1"
"25.2.7","FACCH/H","PASS","4/3/2017 9:39:47 PM","00:00:56","25_2_7\GSM900 FACCH_H 03-04-17 213947\","GSM900","GERAN","2.01.1"
"25.2.7","SDCCH","PASS","4/3/2017 9:40:43 PM","00:00:59","25_2_7\GSM900 SDCCH 03-04-17 214043\","GSM900","GERAN","2.01.1"
"26.2.1.1","none","PASS","4/3/2017 6:00:27 PM","00:24:25","26_2_1_1\GSM900 none 03-04-17 180027\","GSM900","GERAN","2.00.2"
"26.2.1.2","c 11 2","PASS","4/3/2017 6:24:52 PM","00:38:04","26_2_1_2\GSM900 c 11 2 03-04-17 182452\","GSM900","GERAN","2.00.2"
"26.2.1.2","nc 11 2","PASS","4/3/2017 7:02:56 PM","00:37:41","26_2_1_2\GSM900 nc 11 2 03-04-17 190256\","GSM900","GERAN","2.00.2"
"26.2.1.3","none","PASS","4/3/2017 7:40:37 PM","00:03:15","26_2_1_3\GSM900 none 03-04-17 194037\","GSM900","GERAN","2.00.2"
"26.2.2-1","none","PASS","4/3/2017 7:43:52 PM","00:01:28","26_2_2-1\GSM900 none 03-04-17 194352\","GSM900","GERAN","2.00.2"
"26.2.2-2","none","INVALID","4/3/2017 7:45:20 PM","00:01:43","26_2_2-2\GSM900 none 03-04-17 194520\","GSM900","GERAN","2.00.2"
"26.2.2-3","none","FAIL","4/3/2017 7:47:03 PM","00:01:06","26_2_2-3\GSM900 none 03-04-17 194703\","GSM900","GERAN","2.00.2"
"26.2.2-4","none","FAIL","4/3/2017 7:48:09 PM","00:02:48","26_2_2-4\GSM900 none 03-04-17 194809\","GSM900","GERAN","2.00.2"
"26.2.3","none","PASS","4/3/2017 7:50:58 PM","00:00:56","26_2_3\GSM900 none 03-04-17 195058\","GSM900","GERAN","2.00.2"
"26.2.4-1","none","INCONCLUSIVE","4/3/2017 7:51:54 PM","00:01:15","26_2_4-1\GSM900 none 03-04-17 195154\","GSM900","GERAN","2.00.2"
"26.2.4-2","none","PASS","4/3/2017 7:53:09 PM","00:01:30","26_2_4-2\GSM900 none 03-04-17 195309\","GSM900","GERAN","2.00.2"
"26.2.4-3","none","PASS","4/3/2017 7:54:39 PM","00:01:57","26_2_4-3\GSM900 none 03-04-17 195439\","GSM900","GERAN","2.00.2"
"26.2.4-4","none","INCONCLUSIVE","4/3/2017 7:56:36 PM","00:01:17","26_2_4-4\GSM900 none 03-04-17 195636\","GSM900","GERAN","2.00.2"
"26.2.4-5","none","PASS","4/3/2017 7:57:53 PM","00:01:29","26_2_4-5\GSM900 none 03-04-17 195753\","GSM900","GERAN","2.00.2"
"26.2.4-6","1","FAIL","4/3/2017 7:59:22 PM","00:01:27","26_2_4-6\GSM900 1 03-04-17 195922\","GSM900","GERAN","2.00.2"
"26.2.4-6","2","INVALID","4/3/2017 8:00:49 PM","00:01:25","26_2_4-6\GSM900 2 03-04-17 200049\","GSM900","GERAN","2.00.2"
"26.2.4-7","1","INCONCLUSIVE","4/3/2017 8:02:14 PM","00:01:56","26_2_4-7\GSM900 1 03-04-17 200214\","GSM900","GERAN","2.00.2"
"26.2.4-7","2","INCONCLUSIVE","4/3/2017 8:04:10 PM","00:01:55","26_2_4-7\GSM900 2 03-04-17 200410\","GSM900","GERAN","2.00.2"
"26.2.4-8","1","FAIL","4/3/2017 8:06:05 PM","00:01:59","26_2_4-8\GSM900 1 03-04-17 200605\","GSM900","GERAN","2.00.2"
"26.2.4-8","2","FAIL","4/3/2017 8:08:04 PM","00:02:01","26_2_4-8\GSM900 2 03-04-17 200804\","GSM900","GERAN","2.00.2"
"26.5.1","none","PASS","4/3/2017 8:10:05 PM","00:01:17","26_5_1\GSM900 none 03-04-17 201005\","GSM900","GERAN","2.00.2"
"26.5.2.1.1","none","PASS","4/3/2017 8:11:22 PM","00:03:40","26_5_2_1_1\GSM900 none 03-04-17 201122\","GSM900","GERAN","2.00.2"
"26.5.2.1.2","none","PASS","4/3/2017 8:15:02 PM","00:00:58","26_5_2_1_2\GSM900 none 03-04-17 201502\","GSM900","GERAN","2.00.2"
"26.5.2.2","none","PASS","4/3/2017 8:16:00 PM","00:01:20","26_5_2_2\GSM900 none 03-04-17 201600\","GSM900","GERAN","2.00.2"
"26.5.2.3","none","PASS","4/3/2017 8:17:20 PM","00:01:29","26_5_2_3\GSM900 none 03-04-17 201720\","GSM900","GERAN","2.00.2"
"26.5.3.1","none","PASS","4/3/2017 8:18:49 PM","00:01:11","26_5_3_1\GSM900 none 03-04-17 201849\","GSM900","GERAN","2.00.2"
"26.5.3.2","none","PASS","4/3/2017 8:20:00 PM","00:01:07","26_5_3_2\GSM900 none 03-04-17 202000\","GSM900","GERAN","2.00.2"
"26.5.3.3","none","PASS","4/3/2017 8:21:07 PM","00:00:56","26_5_3_3\GSM900 none 03-04-17 202107\","GSM900","GERAN","2.00.2"
"26.5.3.4","none","PASS","4/3/2017 8:22:03 PM","00:01:14","26_5_3_4\GSM900 none 03-04-17 202203\","GSM900","GERAN","2.00.2"
"26.5.5.1.1.1","none","PASS","4/3/2017 8:23:19 PM","00:00:53","26_5_5_1_1_1\GSM900 none 03-04-17 202319\","GSM900","GERAN","2.00.2"
"26.5.5.1.1.2","none","PASS","4/3/2017 8:24:12 PM","00:00:54","26_5_5_1_1_2\GSM900 none 03-04-17 202412\","GSM900","GERAN","2.00.2"
"26.5.5.1.2","none","PASS","4/3/2017 8:25:06 PM","00:00:54","26_5_5_1_2\GSM900 none 03-04-17 202506\","GSM900","GERAN","2.00.2"
"26.5.5.2.1","none","PASS","4/3/2017 8:26:00 PM","00:01:11","26_5_5_2_1\GSM900 none 03-04-17 202600\","GSM900","GERAN","2.00.2"
"26.5.5.2.2","none","PASS","4/3/2017 8:27:11 PM","00:00:57","26_5_5_2_2\GSM900 none 03-04-17 202711\","GSM900","GERAN","2.00.2"
"26.5.5.3.1.1","none","PASS","4/3/2017 8:28:09 PM","00:01:08","26_5_5_3_1_1\GSM900 none 03-04-17 202809\","GSM900","GERAN","2.00.2"
"26.5.5.3.1.2","none","PASS","4/3/2017 8:29:17 PM","00:01:06","26_5_5_3_1_2\GSM900 none 03-04-17 202917\","GSM900","GERAN","2.00.2"
"26.5.5.3.2","none","PASS","4/3/2017 8:30:23 PM","00:01:17","26_5_5_3_2\GSM900 none 03-04-17 203023\","GSM900","GERAN","2.00.2"
"26.5.6.2.1","none","PASS","4/3/2017 8:31:43 PM","00:01:09","26_5_6_2_1\GSM900 none 03-04-17 203143\","GSM900","GERAN","2.00.2"
"26.5.6.2.2","none","PASS","4/3/2017 8:32:52 PM","00:01:14","26_5_6_2_2\GSM900 none 03-04-17 203252\","GSM900","GERAN","2.00.2"
"26.5.6.2.3","none","INCONCLUSIVE","4/3/2017 8:34:06 PM","00:01:29","26_5_6_2_3\GSM900 none 03-04-17 203406\","GSM900","GERAN","2.00.2"
"26.5.6.2.4","none","PASS","4/3/2017 8:35:35 PM","00:01:16","26_5_6_2_4\GSM900 none 03-04-17 203535\","GSM900","GERAN","2.00.2"
"26.5.6.3","none","PASS","4/3/2017 8:36:51 PM","00:00:54","26_5_6_3\GSM900 none 03-04-17 203651\","GSM900","GERAN","2.00.2"
"26.5.7.1.1","none","PASS","4/3/2017 8:37:45 PM","00:00:55","26_5_7_1_1\GSM900 none 03-04-17 203745\","GSM900","GERAN","2.00.2"
"26.5.7.1.2","none","PASS","4/3/2017 8:38:40 PM","00:01:10","26_5_7_1_2\GSM900 none 03-04-17 203840\","GSM900","GERAN","2.00.2"
"26.5.7.1.3","none","PASS","4/3/2017 8:39:50 PM","00:01:01","26_5_7_1_3\GSM900 none 03-04-17 203950\","GSM900","GERAN","2.00.2"
"26.5.7.1.4","none","PASS","4/3/2017 8:40:51 PM","00:01:07","26_5_7_1_4\GSM900 none 03-04-17 204051\","GSM900","GERAN","2.00.2"
"26.5.7.2","none","PASS","4/3/2017 8:41:58 PM","00:00:57","26_5_7_2\GSM900 none 03-04-17 204158\","GSM900","GERAN","2.00.2"
"26.5.7.3","none","PASS","4/3/2017 8:42:55 PM","00:01:13","26_5_7_3\GSM900 none 03-04-17 204255\","GSM900","GERAN","2.00.2"
"26.6.1.1","1","PASS","4/3/2017 9:41:42 PM","00:00:55","26_6_1_1\GSM900 1 03-04-17 214142\","GSM900","GERAN","2.00.1"
"26.6.1.1","2","PASS","4/3/2017 9:42:37 PM","00:00:56","26_6_1_1\GSM900 2 03-04-17 214237\","GSM900","GERAN","2.00.1"
"26.6.1.1","3","PASS","4/3/2017 9:43:33 PM","00:00:55","26_6_1_1\GSM900 3 03-04-17 214333\","GSM900","GERAN","2.00.1"
"26.6.1.2","4 5 6 7","PASS","4/3/2017 9:44:28 PM","00:01:59","26_6_1_2\GSM900 4 5 6 7 03-04-17 214428\","GSM900","GERAN","2.00.1"
"26.6.1.4","none","PASS","4/3/2017 9:46:28 PM","00:01:01","26_6_1_4\GSM900 none 03-04-17 214628\","GSM900","GERAN","2.00.1"
"26.6.1.5","none","PASS","4/3/2017 9:47:29 PM","00:00:55","26_6_1_5\GSM900 none 03-04-17 214729\","GSM900","GERAN","2.00.1"
"26.6.2.1.1","none","PASS","4/3/2017 9:48:24 PM","00:01:53","26_6_2_1_1\GSM900 none 03-04-17 214824\","GSM900","GERAN","2.00.1"
"26.6.2.1.2","none","PASS","4/3/2017 9:50:17 PM","00:01:53","26_6_2_1_2\GSM900 none 03-04-17 215017\","GSM900","GERAN","2.00.1"
"26.6.2.1.3","none","PASS","4/3/2017 9:52:10 PM","00:01:48","26_6_2_1_3\GSM900 none 03-04-17 215210\","GSM900","GERAN","2.00.1"
"26.6.2.2","none","PASS","4/3/2017 9:53:58 PM","00:01:19","26_6_2_2\GSM900 none 03-04-17 215358\","GSM900","GERAN","2.00.1"
"26.6.2.3.1","1","PASS","4/3/2017 9:55:17 PM","00:01:14","26_6_2_3_1\GSM900 1 03-04-17 215517\","GSM900","GERAN","2.00.1"
"26.6.2.3.1","2","PASS","4/3/2017 9:56:31 PM","00:01:15","26_6_2_3_1\GSM900 2 03-04-17 215631\","GSM900","GERAN","2.00.1"
"26.6.2.3.2","none","PASS","4/3/2017 9:57:46 PM","00:00:55","26_6_2_3_2\GSM900 none 03-04-17 215746\","GSM900","GERAN","2.00.1"
"26.6.2.4","none","PASS","4/3/2017 9:58:41 PM","00:00:56","26_6_2_4\GSM900 none 03-04-17 215841\","GSM900","GERAN","2.00.1"
"26.6.2.5","none","PASS","4/3/2017 9:59:37 PM","00:00:57","26_6_2_5\GSM900 none 03-04-17 215937\","GSM900","GERAN","2.00.1"
"26.6.4.2.1","none","PASS","4/3/2017 10:00:57 PM","00:01:08","26_6_4_2_1\GSM900 none 03-04-17 220057\","GSM900","GERAN","2.00.1"
"26.6.4.2.2","none","PASS","4/3/2017 10:02:05 PM","00:01:06","26_6_4_2_2\GSM900 none 03-04-17 220205\","GSM900","GERAN","2.00.1"
"26.6.6.1","F1","INCONCLUSIVE","4/3/2017 10:03:54 PM","00:01:19","26_6_6_1\GSM900 F1 03-04-17 220354\","GSM900","GERAN","2.00.1"
"26.6.6.1","F2","INCONCLUSIVE","4/3/2017 10:05:13 PM","00:01:19","26_6_6_1\GSM900 F2 03-04-17 220513\","GSM900","GERAN","2.00.1"
"26.6.6.1","F3","INCONCLUSIVE","4/3/2017 10:06:32 PM","00:01:15","26_6_6_1\GSM900 F3 03-04-17 220632\","GSM900","GERAN","2.00.1"
"26.6.6.1","H1","INCONCLUSIVE","4/3/2017 10:07:47 PM","00:01:21","26_6_6_1\GSM900 H1 03-04-17 220747\","GSM900","GERAN","2.00.1"
"26.6.6.1","H2","INCONCLUSIVE","4/3/2017 10:09:08 PM","00:01:16","26_6_6_1\GSM900 H2 03-04-17 220908\","GSM900","GERAN","2.00.1"
"26.6.6.1","H3","INCONCLUSIVE","4/3/2017 10:10:24 PM","00:01:15","26_6_6_1\GSM900 H3 03-04-17 221024\","GSM900","GERAN","2.00.1"
"26.6.6.1","S1","INCONCLUSIVE","4/3/2017 10:11:39 PM","00:01:17","26_6_6_1\GSM900 S1 03-04-17 221139\","GSM900","GERAN","2.00.1"
"26.6.6.1","S2","INCONCLUSIVE","4/3/2017 10:12:56 PM","00:01:17","26_6_6_1\GSM900 S2 03-04-17 221256\","GSM900","GERAN","2.00.1"
"26.6.6.1","S3","INCONCLUSIVE","4/3/2017 10:14:14 PM","00:01:18","26_6_6_1\GSM900 S3 03-04-17 221414\","GSM900","GERAN","2.00.1"
"26.6.7.1","none","PASS","4/3/2017 10:15:32 PM","00:00:55","26_6_7_1\GSM900 none 03-04-17 221532\","GSM900","GERAN","2.00.1"
"26.6.7.2","none","PASS","4/3/2017 10:16:27 PM","00:00:58","26_6_7_2\GSM900 none 03-04-17 221627\","GSM900","GERAN","2.00.1"
"26.6.8.1","1","INCONCLUSIVE","4/3/2017 10:17:25 PM","00:01:14","26_6_8_1\GSM900 1 03-04-17 221725\","GSM900","GERAN","2.00.1"
"26.6.8.1","3","INCONCLUSIVE","4/3/2017 10:18:39 PM","00:00:54","26_6_8_1\GSM900 3 03-04-17 221839\","GSM900","GERAN","2.00.1"
"26.6.8.2","none","INCONCLUSIVE","4/3/2017 10:19:33 PM","00:01:09","26_6_8_2\GSM900 none 03-04-17 221933\","GSM900","GERAN","2.00.1"
"26.6.8.3","none","INCONCLUSIVE","4/3/2017 10:20:42 PM","00:00:55","26_6_8_3\GSM900 none 03-04-17 222042\","GSM900","GERAN","2.00.1"
"26.6.8.5","none","FAIL","4/3/2017 10:21:39 PM","00:00:58","26_6_8_5\GSM900 none 03-04-17 222139\","GSM900","GERAN","2.00.1"
"26.6.8.6","none","PASS","4/3/2017 10:22:37 PM","00:02:45","26_6_8_6\GSM900 none 03-04-17 222237\","GSM900","GERAN","2.00.1"
"26.6.11.2","none","PASS","4/3/2017 10:25:22 PM","00:01:37","26_6_11_2\GSM900 none 03-04-17 222522\","GSM900","GERAN","2.00.1"
"26.6.12.1","none","PASS","4/3/2017 10:26:59 PM","00:01:08","26_6_12_1\GSM900 none 03-04-17 222659\","GSM900","GERAN","2.00.1"
"26.6.12.2","none","INCONCLUSIVE","4/3/2017 10:28:07 PM","00:00:59","26_6_12_2\GSM900 none 03-04-17 222807\","GSM900","GERAN","2.00.1"
"26.6.12.3","none","PASS","4/3/2017 10:29:06 PM","00:01:05","26_6_12_3\GSM900 none 03-04-17 222906\","GSM900","GERAN","2.00.1"
"26.6.12.4","none","PASS","4/3/2017 10:30:11 PM","00:01:05","26_6_12_4\GSM900 none 03-04-17 223011\","GSM900","GERAN","2.00.1"
"26.6.13.3","none","PASS","4/3/2017 10:31:19 PM","00:01:17","26_6_13_3\GSM900 none 03-04-17 223119\","GSM900","GERAN","2.00.1"
"26.6.13.9","none","PASS","4/3/2017 10:32:43 PM","00:00:54","26_6_13_9\GSM900 none 03-04-17 223243\","GSM900","GERAN","2.00.1"
"26.6.23.1","none","PASS","4/3/2017 10:33:41 PM","00:01:32","26_6_23_1\GSM900 none 03-04-17 223341\","GSM900","GERAN","2.00.1"
"26.6.23.2","none","PASS","4/3/2017 10:35:13 PM","00:01:33","26_6_23_2\GSM900 none 03-04-17 223513\","GSM900","GERAN","2.00.1"
"26.6.23.3","none","INVALID","4/3/2017 10:36:46 PM","00:03:20","26_6_23_3\GSM900 none 03-04-17 223646\","GSM900","GERAN","2.00.1"
"26.22.1","none","INCONCLUSIVE","4/3/2017 10:40:06 PM","00:00:57","26_22_1\GSM900 none 03-04-17 224006\","GSM900","GERAN","2.00.1"
"28.2","none","INCONCLUSIVE","4/3/2017 10:41:03 PM","00:03:15","28_2\GSM900 none 03-04-17 224103\","GSM900","GERAN","2.00.1"
"28.3","1","INCONCLUSIVE","4/3/2017 10:44:18 PM","00:05:16","28_3\GSM900 1 03-04-17 224418\","GSM900","GERAN","2.00.1"
"28.3","10","INCONCLUSIVE","4/3/2017 10:49:34 PM","00:05:18","28_3\GSM900 10 03-04-17 224934\","GSM900","GERAN","2.00.1"
"28.3","2","INCONCLUSIVE","4/3/2017 10:54:52 PM","00:05:14","28_3\GSM900 2 03-04-17 225452\","GSM900","GERAN","2.00.1"
"28.3","3","INCONCLUSIVE","4/3/2017 11:00:06 PM","00:05:21","28_3\GSM900 3 03-04-17 230006\","GSM900","GERAN","2.00.1"
"28.3","4","INCONCLUSIVE","4/3/2017 11:05:27 PM","00:05:16","28_3\GSM900 4 03-04-17 230527\","GSM900","GERAN","2.00.1"
"28.3","5","INCONCLUSIVE","4/3/2017 11:10:43 PM","00:05:14","28_3\GSM900 5 03-04-17 231043\","GSM900","GERAN","2.00.1"
"28.3","6","INCONCLUSIVE","4/3/2017 11:15:57 PM","00:05:17","28_3\GSM900 6 03-04-17 231557\","GSM900","GERAN","2.00.1"
"28.3","7","INCONCLUSIVE","4/3/2017 11:21:14 PM","00:05:14","28_3\GSM900 7 03-04-17 232114\","GSM900","GERAN","2.00.1"
"28.3","8","INCONCLUSIVE","4/3/2017 11:26:29 PM","00:05:16","28_3\GSM900 8 03-04-17 232629\","GSM900","GERAN","2.00.1"
"28.3","9","INCONCLUSIVE","4/3/2017 11:31:45 PM","00:05:14","28_3\GSM900 9 03-04-17 233145\","GSM900","GERAN","2.00.1"

